customer_id,churned,snapshot_date
CUST00001,0,2024-06-30
CUST00002,0,2024-06-30
CUST00003,0,2024-06-30
CUST00004,0,2024-06-30
CUST00005,0,2024-06-30
CUST00006,1,2024-06-30
CUST00007,0,2024-06-30
CUST00008,1,2024-06-30
CUST00009,0,2024-06-30
CUST00010,0,2024-06-30
CUST00011,0,2024-06-30
CUST00012,0,2024-06-30
CUST00013,1,2024-06-30
CUST00014,1,2024-06-30
CUST00015,1,2024-06-30
CUST00016,0,2024-06-30
CUST00017,0,2024-06-30
CUST00018,0,2024-06-30
CUST00019,0,2024-06-30
CUST00020,1,2024-06-30
CUST00021,0,2024-06-30
CUST00022,0,2024-06-30
CUST00023,0,2024-06-30
CUST00024,0,2024-06-30
CUST00025,0,2024-06-30
CUST00026,0,2024-06-30
CUST00027,0,2024-06-30
CUST00028,0,2024-06-30
CUST00029,0,2024-06-30
CUST00030,0,2024-06-30
CUST00031,0,2024-06-30
CUST00032,0,2024-06-30
CUST00033,0,2024-06-30
CUST00034,1,2024-06-30
CUST00035,0,2024-06-30
CUST00036,0,2024-06-30
CUST00037,0,2024-06-30
CUST00038,0,2024-06-30
CUST00039,0,2024-06-30
CUST00040,0,2024-06-30
CUST00041,1,2024-06-30
CUST00042,0,2024-06-30
CUST00043,0,2024-06-30
CUST00044,0,2024-06-30
CUST00045,0,2024-06-30
CUST00046,0,2024-06-30
CUST00047,0,2024-06-30
CUST00048,0,2024-06-30
CUST00049,0,2024-06-30
CUST00050,0,2024-06-30
CUST00051,0,2024-06-30
CUST00052,0,2024-06-30
CUST00053,0,2024-06-30
CUST00054,1,2024-06-30
CUST00055,0,2024-06-30
CUST00056,0,2024-06-30
CUST00057,0,2024-06-30
CUST00058,0,2024-06-30
CUST00059,0,2024-06-30
CUST00060,0,2024-06-30
CUST00061,0,2024-06-30
CUST00062,1,2024-06-30
CUST00063,0,2024-06-30
CUST00064,0,2024-06-30
CUST00065,0,2024-06-30
CUST00066,0,2024-06-30
CUST00067,1,2024-06-30
CUST00068,0,2024-06-30
CUST00069,1,2024-06-30
CUST00070,0,2024-06-30
CUST00071,1,2024-06-30
CUST00072,0,2024-06-30
CUST00073,0,2024-06-30
CUST00074,0,2024-06-30
CUST00075,1,2024-06-30
CUST00076,0,2024-06-30
CUST00077,0,2024-06-30
CUST00078,0,2024-06-30
CUST00079,0,2024-06-30
CUST00080,0,2024-06-30
CUST00081,0,2024-06-30
CUST00082,0,2024-06-30
CUST00083,0,2024-06-30
CUST00084,0,2024-06-30
CUST00085,0,2024-06-30
CUST00086,0,2024-06-30
CUST00087,0,2024-06-30
CUST00088,0,2024-06-30
CUST00089,0,2024-06-30
CUST00090,0,2024-06-30
CUST00091,0,2024-06-30
CUST00092,0,2024-06-30
CUST00093,0,2024-06-30
CUST00094,1,2024-06-30
CUST00095,1,2024-06-30
CUST00096,1,2024-06-30
CUST00097,0,2024-06-30
CUST00098,0,2024-06-30
CUST00099,0,2024-06-30
CUST00100,0,2024-06-30
CUST00101,1,2024-06-30
CUST00102,0,2024-06-30
CUST00103,0,2024-06-30
CUST00104,0,2024-06-30
CUST00105,0,2024-06-30
CUST00106,0,2024-06-30
CUST00107,0,2024-06-30
CUST00108,0,2024-06-30
CUST00109,0,2024-06-30
CUST00110,0,2024-06-30
CUST00111,0,2024-06-30
CUST00112,1,2024-06-30
CUST00113,0,2024-06-30
CUST00114,0,2024-06-30
CUST00115,0,2024-06-30
CUST00116,0,2024-06-30
CUST00117,0,2024-06-30
CUST00118,0,2024-06-30
CUST00119,1,2024-06-30
CUST00120,0,2024-06-30
CUST00121,1,2024-06-30
CUST00122,0,2024-06-30
CUST00123,0,2024-06-30
CUST00124,1,2024-06-30
CUST00125,0,2024-06-30
CUST00126,0,2024-06-30
CUST00127,0,2024-06-30
CUST00128,0,2024-06-30
CUST00129,0,2024-06-30
CUST00130,0,2024-06-30
CUST00131,0,2024-06-30
CUST00132,0,2024-06-30
CUST00133,0,2024-06-30
CUST00134,1,2024-06-30
CUST00135,0,2024-06-30
CUST00136,0,2024-06-30
CUST00137,0,2024-06-30
CUST00138,1,2024-06-30
CUST00139,0,2024-06-30
CUST00140,1,2024-06-30
CUST00141,0,2024-06-30
CUST00142,0,2024-06-30
CUST00143,0,2024-06-30
CUST00144,1,2024-06-30
CUST00145,0,2024-06-30
CUST00146,0,2024-06-30
CUST00147,0,2024-06-30
CUST00148,0,2024-06-30
CUST00149,0,2024-06-30
CUST00150,1,2024-06-30
CUST00151,1,2024-06-30
CUST00152,0,2024-06-30
CUST00153,0,2024-06-30
CUST00154,0,2024-06-30
CUST00155,0,2024-06-30
CUST00156,0,2024-06-30
CUST00157,0,2024-06-30
CUST00158,0,2024-06-30
CUST00159,0,2024-06-30
CUST00160,1,2024-06-30
CUST00161,0,2024-06-30
CUST00162,1,2024-06-30
CUST00163,0,2024-06-30
CUST00164,0,2024-06-30
CUST00165,0,2024-06-30
CUST00166,0,2024-06-30
CUST00167,1,2024-06-30
CUST00168,0,2024-06-30
CUST00169,0,2024-06-30
CUST00170,0,2024-06-30
CUST00171,0,2024-06-30
CUST00172,0,2024-06-30
CUST00173,0,2024-06-30
CUST00174,0,2024-06-30
CUST00175,1,2024-06-30
CUST00176,0,2024-06-30
CUST00177,0,2024-06-30
CUST00178,0,2024-06-30
CUST00179,0,2024-06-30
CUST00180,0,2024-06-30
CUST00181,0,2024-06-30
CUST00182,0,2024-06-30
CUST00183,0,2024-06-30
CUST00184,0,2024-06-30
CUST00185,0,2024-06-30
CUST00186,1,2024-06-30
CUST00187,1,2024-06-30
CUST00188,1,2024-06-30
CUST00189,0,2024-06-30
CUST00190,0,2024-06-30
CUST00191,1,2024-06-30
CUST00192,1,2024-06-30
CUST00193,0,2024-06-30
CUST00194,1,2024-06-30
CUST00195,1,2024-06-30
CUST00196,0,2024-06-30
CUST00197,0,2024-06-30
CUST00198,0,2024-06-30
CUST00199,0,2024-06-30
CUST00200,0,2024-06-30
CUST00201,0,2024-06-30
CUST00202,0,2024-06-30
CUST00203,1,2024-06-30
CUST00204,0,2024-06-30
CUST00205,0,2024-06-30
CUST00206,0,2024-06-30
CUST00207,0,2024-06-30
CUST00208,0,2024-06-30
CUST00209,1,2024-06-30
CUST00210,0,2024-06-30
CUST00211,0,2024-06-30
CUST00212,0,2024-06-30
CUST00213,0,2024-06-30
CUST00214,0,2024-06-30
CUST00215,0,2024-06-30
CUST00216,0,2024-06-30
CUST00217,0,2024-06-30
CUST00218,1,2024-06-30
CUST00219,0,2024-06-30
CUST00220,1,2024-06-30
CUST00221,0,2024-06-30
CUST00222,0,2024-06-30
CUST00223,0,2024-06-30
CUST00224,0,2024-06-30
CUST00225,1,2024-06-30
CUST00226,0,2024-06-30
CUST00227,0,2024-06-30
CUST00228,1,2024-06-30
CUST00229,0,2024-06-30
CUST00230,1,2024-06-30
CUST00231,0,2024-06-30
CUST00232,1,2024-06-30
CUST00233,0,2024-06-30
CUST00234,0,2024-06-30
CUST00235,0,2024-06-30
CUST00236,0,2024-06-30
CUST00237,0,2024-06-30
CUST00238,0,2024-06-30
CUST00239,0,2024-06-30
CUST00240,0,2024-06-30
CUST00241,0,2024-06-30
CUST00242,0,2024-06-30
CUST00243,0,2024-06-30
CUST00244,0,2024-06-30
CUST00245,1,2024-06-30
CUST00246,0,2024-06-30
CUST00247,1,2024-06-30
CUST00248,0,2024-06-30
CUST00249,1,2024-06-30
CUST00250,0,2024-06-30
CUST00251,0,2024-06-30
CUST00252,0,2024-06-30
CUST00253,0,2024-06-30
CUST00254,0,2024-06-30
CUST00255,1,2024-06-30
CUST00256,0,2024-06-30
CUST00257,0,2024-06-30
CUST00258,0,2024-06-30
CUST00259,0,2024-06-30
CUST00260,0,2024-06-30
CUST00261,0,2024-06-30
CUST00262,0,2024-06-30
CUST00263,0,2024-06-30
CUST00264,0,2024-06-30
CUST00265,0,2024-06-30
CUST00266,0,2024-06-30
CUST00267,0,2024-06-30
CUST00268,0,2024-06-30
CUST00269,0,2024-06-30
CUST00270,0,2024-06-30
CUST00271,0,2024-06-30
CUST00272,0,2024-06-30
CUST00273,0,2024-06-30
CUST00274,0,2024-06-30
CUST00275,0,2024-06-30
CUST00276,0,2024-06-30
CUST00277,0,2024-06-30
CUST00278,1,2024-06-30
CUST00279,0,2024-06-30
CUST00280,0,2024-06-30
CUST00281,0,2024-06-30
CUST00282,0,2024-06-30
CUST00283,0,2024-06-30
CUST00284,0,2024-06-30
CUST00285,0,2024-06-30
CUST00286,0,2024-06-30
CUST00287,1,2024-06-30
CUST00288,0,2024-06-30
CUST00289,0,2024-06-30
CUST00290,1,2024-06-30
CUST00291,0,2024-06-30
CUST00292,0,2024-06-30
CUST00293,0,2024-06-30
CUST00294,1,2024-06-30
CUST00295,0,2024-06-30
CUST00296,0,2024-06-30
CUST00297,1,2024-06-30
CUST00298,0,2024-06-30
CUST00299,0,2024-06-30
CUST00300,0,2024-06-30
CUST00301,0,2024-06-30
CUST00302,0,2024-06-30
CUST00303,0,2024-06-30
CUST00304,1,2024-06-30
CUST00305,0,2024-06-30
CUST00306,0,2024-06-30
CUST00307,1,2024-06-30
CUST00308,0,2024-06-30
CUST00309,0,2024-06-30
CUST00310,0,2024-06-30
CUST00311,0,2024-06-30
CUST00312,0,2024-06-30
CUST00313,0,2024-06-30
CUST00314,0,2024-06-30
CUST00315,0,2024-06-30
CUST00316,0,2024-06-30
CUST00317,0,2024-06-30
CUST00318,0,2024-06-30
CUST00319,0,2024-06-30
CUST00320,0,2024-06-30
CUST00321,0,2024-06-30
CUST00322,0,2024-06-30
CUST00323,1,2024-06-30
CUST00324,1,2024-06-30
CUST00325,0,2024-06-30
CUST00326,0,2024-06-30
CUST00327,0,2024-06-30
CUST00328,0,2024-06-30
CUST00329,0,2024-06-30
CUST00330,0,2024-06-30
CUST00331,0,2024-06-30
CUST00332,0,2024-06-30
CUST00333,0,2024-06-30
CUST00334,1,2024-06-30
CUST00335,0,2024-06-30
CUST00336,1,2024-06-30
CUST00337,0,2024-06-30
CUST00338,0,2024-06-30
CUST00339,0,2024-06-30
CUST00340,0,2024-06-30
CUST00341,0,2024-06-30
CUST00342,0,2024-06-30
CUST00343,1,2024-06-30
CUST00344,0,2024-06-30
CUST00345,0,2024-06-30
CUST00346,1,2024-06-30
CUST00347,0,2024-06-30
CUST00348,0,2024-06-30
CUST00349,0,2024-06-30
CUST00350,0,2024-06-30
CUST00351,1,2024-06-30
CUST00352,0,2024-06-30
CUST00353,0,2024-06-30
CUST00354,0,2024-06-30
CUST00355,0,2024-06-30
CUST00356,0,2024-06-30
CUST00357,1,2024-06-30
CUST00358,0,2024-06-30
CUST00359,0,2024-06-30
CUST00360,1,2024-06-30
CUST00361,0,2024-06-30
CUST00362,0,2024-06-30
CUST00363,1,2024-06-30
CUST00364,0,2024-06-30
CUST00365,0,2024-06-30
CUST00366,0,2024-06-30
CUST00367,0,2024-06-30
CUST00368,0,2024-06-30
CUST00369,0,2024-06-30
CUST00370,0,2024-06-30
CUST00371,0,2024-06-30
CUST00372,1,2024-06-30
CUST00373,0,2024-06-30
CUST00374,0,2024-06-30
CUST00375,0,2024-06-30
CUST00376,0,2024-06-30
CUST00377,0,2024-06-30
CUST00378,1,2024-06-30
CUST00379,0,2024-06-30
CUST00380,0,2024-06-30
CUST00381,0,2024-06-30
CUST00382,1,2024-06-30
CUST00383,0,2024-06-30
CUST00384,0,2024-06-30
CUST00385,0,2024-06-30
CUST00386,1,2024-06-30
CUST00387,0,2024-06-30
CUST00388,0,2024-06-30
CUST00389,0,2024-06-30
CUST00390,0,2024-06-30
CUST00391,0,2024-06-30
CUST00392,0,2024-06-30
CUST00393,0,2024-06-30
CUST00394,1,2024-06-30
CUST00395,0,2024-06-30
CUST00396,1,2024-06-30
CUST00397,1,2024-06-30
CUST00398,0,2024-06-30
CUST00399,1,2024-06-30
CUST00400,0,2024-06-30
CUST00401,0,2024-06-30
CUST00402,0,2024-06-30
CUST00403,1,2024-06-30
CUST00404,1,2024-06-30
CUST00405,0,2024-06-30
CUST00406,1,2024-06-30
CUST00407,1,2024-06-30
CUST00408,1,2024-06-30
CUST00409,0,2024-06-30
CUST00410,0,2024-06-30
CUST00411,0,2024-06-30
CUST00412,0,2024-06-30
CUST00413,0,2024-06-30
CUST00414,0,2024-06-30
CUST00415,1,2024-06-30
CUST00416,1,2024-06-30
CUST00417,0,2024-06-30
CUST00418,0,2024-06-30
CUST00419,1,2024-06-30
CUST00420,0,2024-06-30
CUST00421,0,2024-06-30
CUST00422,0,2024-06-30
CUST00423,0,2024-06-30
CUST00424,1,2024-06-30
CUST00425,1,2024-06-30
CUST00426,0,2024-06-30
CUST00427,1,2024-06-30
CUST00428,0,2024-06-30
CUST00429,0,2024-06-30
CUST00430,0,2024-06-30
CUST00431,0,2024-06-30
CUST00432,0,2024-06-30
CUST00433,0,2024-06-30
CUST00434,1,2024-06-30
CUST00435,0,2024-06-30
CUST00436,1,2024-06-30
CUST00437,0,2024-06-30
CUST00438,1,2024-06-30
CUST00439,1,2024-06-30
CUST00440,0,2024-06-30
CUST00441,0,2024-06-30
CUST00442,0,2024-06-30
CUST00443,0,2024-06-30
CUST00444,0,2024-06-30
CUST00445,0,2024-06-30
CUST00446,0,2024-06-30
CUST00447,1,2024-06-30
CUST00448,0,2024-06-30
CUST00449,1,2024-06-30
CUST00450,0,2024-06-30
CUST00451,0,2024-06-30
CUST00452,1,2024-06-30
CUST00453,0,2024-06-30
CUST00454,0,2024-06-30
CUST00455,1,2024-06-30
CUST00456,0,2024-06-30
CUST00457,0,2024-06-30
CUST00458,0,2024-06-30
CUST00459,1,2024-06-30
CUST00460,0,2024-06-30
CUST00461,1,2024-06-30
CUST00462,1,2024-06-30
CUST00463,0,2024-06-30
CUST00464,0,2024-06-30
CUST00465,0,2024-06-30
CUST00466,0,2024-06-30
CUST00467,0,2024-06-30
CUST00468,0,2024-06-30
CUST00469,0,2024-06-30
CUST00470,1,2024-06-30
CUST00471,0,2024-06-30
CUST00472,0,2024-06-30
CUST00473,0,2024-06-30
CUST00474,1,2024-06-30
CUST00475,0,2024-06-30
CUST00476,1,2024-06-30
CUST00477,0,2024-06-30
CUST00478,0,2024-06-30
CUST00479,0,2024-06-30
CUST00480,0,2024-06-30
CUST00481,1,2024-06-30
CUST00482,0,2024-06-30
CUST00483,0,2024-06-30
CUST00484,0,2024-06-30
CUST00485,0,2024-06-30
CUST00486,0,2024-06-30
CUST00487,1,2024-06-30
CUST00488,1,2024-06-30
CUST00489,0,2024-06-30
CUST00490,0,2024-06-30
CUST00491,0,2024-06-30
CUST00492,0,2024-06-30
CUST00493,0,2024-06-30
CUST00494,1,2024-06-30
CUST00495,0,2024-06-30
CUST00496,0,2024-06-30
CUST00497,0,2024-06-30
CUST00498,0,2024-06-30
CUST00499,0,2024-06-30
CUST00500,0,2024-06-30
CUST00501,0,2024-06-30
CUST00502,0,2024-06-30
CUST00503,1,2024-06-30
CUST00504,0,2024-06-30
CUST00505,0,2024-06-30
CUST00506,0,2024-06-30
CUST00507,0,2024-06-30
CUST00508,0,2024-06-30
CUST00509,0,2024-06-30
CUST00510,1,2024-06-30
CUST00511,1,2024-06-30
CUST00512,0,2024-06-30
CUST00513,0,2024-06-30
CUST00514,0,2024-06-30
CUST00515,0,2024-06-30
CUST00516,0,2024-06-30
CUST00517,0,2024-06-30
CUST00518,0,2024-06-30
CUST00519,0,2024-06-30
CUST00520,0,2024-06-30
CUST00521,0,2024-06-30
CUST00522,0,2024-06-30
CUST00523,0,2024-06-30
CUST00524,0,2024-06-30
CUST00525,0,2024-06-30
CUST00526,0,2024-06-30
CUST00527,0,2024-06-30
CUST00528,0,2024-06-30
CUST00529,0,2024-06-30
CUST00530,0,2024-06-30
CUST00531,0,2024-06-30
CUST00532,1,2024-06-30
CUST00533,0,2024-06-30
CUST00534,1,2024-06-30
CUST00535,1,2024-06-30
CUST00536,0,2024-06-30
CUST00537,0,2024-06-30
CUST00538,0,2024-06-30
CUST00539,1,2024-06-30
CUST00540,0,2024-06-30
CUST00541,0,2024-06-30
CUST00542,0,2024-06-30
CUST00543,0,2024-06-30
CUST00544,0,2024-06-30
CUST00545,1,2024-06-30
CUST00546,0,2024-06-30
CUST00547,0,2024-06-30
CUST00548,0,2024-06-30
CUST00549,0,2024-06-30
CUST00550,0,2024-06-30
CUST00551,1,2024-06-30
CUST00552,0,2024-06-30
CUST00553,0,2024-06-30
CUST00554,0,2024-06-30
CUST00555,1,2024-06-30
CUST00556,0,2024-06-30
CUST00557,0,2024-06-30
CUST00558,0,2024-06-30
CUST00559,0,2024-06-30
CUST00560,0,2024-06-30
CUST00561,0,2024-06-30
CUST00562,0,2024-06-30
CUST00563,1,2024-06-30
CUST00564,1,2024-06-30
CUST00565,1,2024-06-30
CUST00566,0,2024-06-30
CUST00567,0,2024-06-30
CUST00568,0,2024-06-30
CUST00569,0,2024-06-30
CUST00570,0,2024-06-30
CUST00571,1,2024-06-30
CUST00572,0,2024-06-30
CUST00573,0,2024-06-30
CUST00574,0,2024-06-30
CUST00575,1,2024-06-30
CUST00576,0,2024-06-30
CUST00577,1,2024-06-30
CUST00578,0,2024-06-30
CUST00579,0,2024-06-30
CUST00580,0,2024-06-30
CUST00581,0,2024-06-30
CUST00582,0,2024-06-30
CUST00583,0,2024-06-30
CUST00584,0,2024-06-30
CUST00585,0,2024-06-30
CUST00586,0,2024-06-30
CUST00587,0,2024-06-30
CUST00588,0,2024-06-30
CUST00589,0,2024-06-30
CUST00590,0,2024-06-30
CUST00591,1,2024-06-30
CUST00592,0,2024-06-30
CUST00593,0,2024-06-30
CUST00594,1,2024-06-30
CUST00595,0,2024-06-30
CUST00596,1,2024-06-30
CUST00597,0,2024-06-30
CUST00598,0,2024-06-30
CUST00599,0,2024-06-30
CUST00600,1,2024-06-30
CUST00601,0,2024-06-30
CUST00602,1,2024-06-30
CUST00603,1,2024-06-30
CUST00604,1,2024-06-30
CUST00605,1,2024-06-30
CUST00606,0,2024-06-30
CUST00607,0,2024-06-30
CUST00608,0,2024-06-30
CUST00609,0,2024-06-30
CUST00610,0,2024-06-30
CUST00611,1,2024-06-30
CUST00612,0,2024-06-30
CUST00613,0,2024-06-30
CUST00614,0,2024-06-30
CUST00615,1,2024-06-30
CUST00616,0,2024-06-30
CUST00617,1,2024-06-30
CUST00618,1,2024-06-30
CUST00619,0,2024-06-30
CUST00620,1,2024-06-30
CUST00621,0,2024-06-30
CUST00622,0,2024-06-30
CUST00623,0,2024-06-30
CUST00624,0,2024-06-30
CUST00625,1,2024-06-30
CUST00626,0,2024-06-30
CUST00627,1,2024-06-30
CUST00628,0,2024-06-30
CUST00629,0,2024-06-30
CUST00630,0,2024-06-30
CUST00631,0,2024-06-30
CUST00632,1,2024-06-30
CUST00633,0,2024-06-30
CUST00634,0,2024-06-30
CUST00635,0,2024-06-30
CUST00636,0,2024-06-30
CUST00637,0,2024-06-30
CUST00638,0,2024-06-30
CUST00639,1,2024-06-30
CUST00640,1,2024-06-30
CUST00641,0,2024-06-30
CUST00642,1,2024-06-30
CUST00643,0,2024-06-30
CUST00644,0,2024-06-30
CUST00645,1,2024-06-30
CUST00646,1,2024-06-30
CUST00647,0,2024-06-30
CUST00648,1,2024-06-30
CUST00649,0,2024-06-30
CUST00650,0,2024-06-30
CUST00651,0,2024-06-30
CUST00652,1,2024-06-30
CUST00653,1,2024-06-30
CUST00654,0,2024-06-30
CUST00655,0,2024-06-30
CUST00656,0,2024-06-30
CUST00657,0,2024-06-30
CUST00658,0,2024-06-30
CUST00659,0,2024-06-30
CUST00660,0,2024-06-30
CUST00661,1,2024-06-30
CUST00662,1,2024-06-30
CUST00663,0,2024-06-30
CUST00664,0,2024-06-30
CUST00665,1,2024-06-30
CUST00666,0,2024-06-30
CUST00667,0,2024-06-30
CUST00668,1,2024-06-30
CUST00669,0,2024-06-30
CUST00670,0,2024-06-30
CUST00671,0,2024-06-30
CUST00672,0,2024-06-30
CUST00673,0,2024-06-30
CUST00674,1,2024-06-30
CUST00675,1,2024-06-30
CUST00676,0,2024-06-30
CUST00677,1,2024-06-30
CUST00678,0,2024-06-30
CUST00679,0,2024-06-30
CUST00680,1,2024-06-30
CUST00681,0,2024-06-30
CUST00682,0,2024-06-30
CUST00683,1,2024-06-30
CUST00684,0,2024-06-30
CUST00685,0,2024-06-30
CUST00686,1,2024-06-30
CUST00687,1,2024-06-30
CUST00688,0,2024-06-30
CUST00689,0,2024-06-30
CUST00690,1,2024-06-30
CUST00691,0,2024-06-30
CUST00692,0,2024-06-30
CUST00693,0,2024-06-30
CUST00694,0,2024-06-30
CUST00695,0,2024-06-30
CUST00696,1,2024-06-30
CUST00697,0,2024-06-30
CUST00698,0,2024-06-30
CUST00699,1,2024-06-30
CUST00700,0,2024-06-30
CUST00701,0,2024-06-30
CUST00702,1,2024-06-30
CUST00703,0,2024-06-30
CUST00704,0,2024-06-30
CUST00705,0,2024-06-30
CUST00706,0,2024-06-30
CUST00707,0,2024-06-30
CUST00708,0,2024-06-30
CUST00709,0,2024-06-30
CUST00710,0,2024-06-30
CUST00711,0,2024-06-30
CUST00712,0,2024-06-30
CUST00713,0,2024-06-30
CUST00714,0,2024-06-30
CUST00715,1,2024-06-30
CUST00716,1,2024-06-30
CUST00717,0,2024-06-30
CUST00718,1,2024-06-30
CUST00719,0,2024-06-30
CUST00720,0,2024-06-30
CUST00721,1,2024-06-30
CUST00722,1,2024-06-30
CUST00723,0,2024-06-30
CUST00724,0,2024-06-30
CUST00725,0,2024-06-30
CUST00726,0,2024-06-30
CUST00727,0,2024-06-30
CUST00728,0,2024-06-30
CUST00729,0,2024-06-30
CUST00730,1,2024-06-30
CUST00731,0,2024-06-30
CUST00732,0,2024-06-30
CUST00733,0,2024-06-30
CUST00734,0,2024-06-30
CUST00735,0,2024-06-30
CUST00736,1,2024-06-30
CUST00737,0,2024-06-30
CUST00738,0,2024-06-30
CUST00739,1,2024-06-30
CUST00740,0,2024-06-30
CUST00741,0,2024-06-30
CUST00742,1,2024-06-30
CUST00743,0,2024-06-30
CUST00744,0,2024-06-30
CUST00745,0,2024-06-30
CUST00746,1,2024-06-30
CUST00747,0,2024-06-30
CUST00748,0,2024-06-30
CUST00749,1,2024-06-30
CUST00750,0,2024-06-30
CUST00751,1,2024-06-30
CUST00752,0,2024-06-30
CUST00753,1,2024-06-30
CUST00754,1,2024-06-30
CUST00755,0,2024-06-30
CUST00756,1,2024-06-30
CUST00757,0,2024-06-30
CUST00758,1,2024-06-30
CUST00759,0,2024-06-30
CUST00760,0,2024-06-30
CUST00761,0,2024-06-30
CUST00762,0,2024-06-30
CUST00763,0,2024-06-30
CUST00764,0,2024-06-30
CUST00765,0,2024-06-30
CUST00766,0,2024-06-30
CUST00767,0,2024-06-30
CUST00768,1,2024-06-30
CUST00769,1,2024-06-30
CUST00770,0,2024-06-30
CUST00771,0,2024-06-30
CUST00772,0,2024-06-30
CUST00773,0,2024-06-30
CUST00774,0,2024-06-30
CUST00775,0,2024-06-30
CUST00776,0,2024-06-30
CUST00777,0,2024-06-30
CUST00778,0,2024-06-30
CUST00779,0,2024-06-30
CUST00780,0,2024-06-30
CUST00781,0,2024-06-30
CUST00782,0,2024-06-30
CUST00783,0,2024-06-30
CUST00784,0,2024-06-30
CUST00785,0,2024-06-30
CUST00786,0,2024-06-30
CUST00787,1,2024-06-30
CUST00788,0,2024-06-30
CUST00789,0,2024-06-30
CUST00790,0,2024-06-30
CUST00791,0,2024-06-30
CUST00792,0,2024-06-30
CUST00793,0,2024-06-30
CUST00794,0,2024-06-30
CUST00795,0,2024-06-30
CUST00796,0,2024-06-30
CUST00797,1,2024-06-30
CUST00798,0,2024-06-30
CUST00799,0,2024-06-30
CUST00800,0,2024-06-30
CUST00801,0,2024-06-30
CUST00802,0,2024-06-30
CUST00803,1,2024-06-30
CUST00804,0,2024-06-30
CUST00805,1,2024-06-30
CUST00806,0,2024-06-30
CUST00807,0,2024-06-30
CUST00808,0,2024-06-30
CUST00809,0,2024-06-30
CUST00810,0,2024-06-30
CUST00811,0,2024-06-30
CUST00812,0,2024-06-30
CUST00813,0,2024-06-30
CUST00814,0,2024-06-30
CUST00815,1,2024-06-30
CUST00816,0,2024-06-30
CUST00817,0,2024-06-30
CUST00818,0,2024-06-30
CUST00819,0,2024-06-30
CUST00820,1,2024-06-30
CUST00821,0,2024-06-30
CUST00822,0,2024-06-30
CUST00823,1,2024-06-30
CUST00824,1,2024-06-30
CUST00825,0,2024-06-30
CUST00826,0,2024-06-30
CUST00827,0,2024-06-30
CUST00828,1,2024-06-30
CUST00829,1,2024-06-30
CUST00830,0,2024-06-30
CUST00831,0,2024-06-30
CUST00832,1,2024-06-30
CUST00833,0,2024-06-30
CUST00834,0,2024-06-30
CUST00835,0,2024-06-30
CUST00836,1,2024-06-30
CUST00837,0,2024-06-30
CUST00838,0,2024-06-30
CUST00839,0,2024-06-30
CUST00840,0,2024-06-30
CUST00841,0,2024-06-30
CUST00842,0,2024-06-30
CUST00843,0,2024-06-30
CUST00844,0,2024-06-30
CUST00845,0,2024-06-30
CUST00846,0,2024-06-30
CUST00847,0,2024-06-30
CUST00848,0,2024-06-30
CUST00849,0,2024-06-30
CUST00850,0,2024-06-30
CUST00851,1,2024-06-30
CUST00852,0,2024-06-30
CUST00853,0,2024-06-30
CUST00854,0,2024-06-30
CUST00855,1,2024-06-30
CUST00856,0,2024-06-30
CUST00857,0,2024-06-30
CUST00858,0,2024-06-30
CUST00859,0,2024-06-30
CUST00860,0,2024-06-30
CUST00861,0,2024-06-30
CUST00862,0,2024-06-30
CUST00863,0,2024-06-30
CUST00864,0,2024-06-30
CUST00865,0,2024-06-30
CUST00866,0,2024-06-30
CUST00867,0,2024-06-30
CUST00868,1,2024-06-30
CUST00869,0,2024-06-30
CUST00870,1,2024-06-30
CUST00871,0,2024-06-30
CUST00872,1,2024-06-30
CUST00873,1,2024-06-30
CUST00874,0,2024-06-30
CUST00875,0,2024-06-30
CUST00876,1,2024-06-30
CUST00877,0,2024-06-30
CUST00878,0,2024-06-30
CUST00879,0,2024-06-30
CUST00880,0,2024-06-30
CUST00881,0,2024-06-30
CUST00882,0,2024-06-30
CUST00883,0,2024-06-30
CUST00884,0,2024-06-30
CUST00885,1,2024-06-30
CUST00886,0,2024-06-30
CUST00887,0,2024-06-30
CUST00888,0,2024-06-30
CUST00889,0,2024-06-30
CUST00890,0,2024-06-30
CUST00891,0,2024-06-30
CUST00892,0,2024-06-30
CUST00893,0,2024-06-30
CUST00894,0,2024-06-30
CUST00895,0,2024-06-30
CUST00896,0,2024-06-30
CUST00897,0,2024-06-30
CUST00898,0,2024-06-30
CUST00899,0,2024-06-30
CUST00900,0,2024-06-30
CUST00901,0,2024-06-30
CUST00902,0,2024-06-30
CUST00903,1,2024-06-30
CUST00904,1,2024-06-30
CUST00905,0,2024-06-30
CUST00906,0,2024-06-30
CUST00907,0,2024-06-30
CUST00908,1,2024-06-30
CUST00909,0,2024-06-30
CUST00910,0,2024-06-30
CUST00911,0,2024-06-30
CUST00912,0,2024-06-30
CUST00913,0,2024-06-30
CUST00914,0,2024-06-30
CUST00915,0,2024-06-30
CUST00916,1,2024-06-30
CUST00917,1,2024-06-30
CUST00918,0,2024-06-30
CUST00919,0,2024-06-30
CUST00920,0,2024-06-30
CUST00921,0,2024-06-30
CUST00922,0,2024-06-30
CUST00923,0,2024-06-30
CUST00924,0,2024-06-30
CUST00925,0,2024-06-30
CUST00926,0,2024-06-30
CUST00927,0,2024-06-30
CUST00928,0,2024-06-30
CUST00929,0,2024-06-30
CUST00930,0,2024-06-30
CUST00931,0,2024-06-30
CUST00932,0,2024-06-30
CUST00933,0,2024-06-30
CUST00934,0,2024-06-30
CUST00935,0,2024-06-30
CUST00936,0,2024-06-30
CUST00937,0,2024-06-30
CUST00938,0,2024-06-30
CUST00939,0,2024-06-30
CUST00940,0,2024-06-30
CUST00941,0,2024-06-30
CUST00942,0,2024-06-30
CUST00943,0,2024-06-30
CUST00944,0,2024-06-30
CUST00945,0,2024-06-30
CUST00946,1,2024-06-30
CUST00947,0,2024-06-30
CUST00948,1,2024-06-30
CUST00949,0,2024-06-30
CUST00950,0,2024-06-30
CUST00951,0,2024-06-30
CUST00952,0,2024-06-30
CUST00953,0,2024-06-30
CUST00954,0,2024-06-30
CUST00955,0,2024-06-30
CUST00956,0,2024-06-30
CUST00957,1,2024-06-30
CUST00958,0,2024-06-30
CUST00959,1,2024-06-30
CUST00960,1,2024-06-30
CUST00961,0,2024-06-30
CUST00962,0,2024-06-30
CUST00963,0,2024-06-30
CUST00964,0,2024-06-30
CUST00965,1,2024-06-30
CUST00966,0,2024-06-30
CUST00967,0,2024-06-30
CUST00968,0,2024-06-30
CUST00969,0,2024-06-30
CUST00970,0,2024-06-30
CUST00971,0,2024-06-30
CUST00972,1,2024-06-30
CUST00973,0,2024-06-30
CUST00974,1,2024-06-30
CUST00975,0,2024-06-30
CUST00976,0,2024-06-30
CUST00977,0,2024-06-30
CUST00978,1,2024-06-30
CUST00979,1,2024-06-30
CUST00980,0,2024-06-30
CUST00981,0,2024-06-30
CUST00982,0,2024-06-30
CUST00983,0,2024-06-30
CUST00984,0,2024-06-30
CUST00985,0,2024-06-30
CUST00986,1,2024-06-30
CUST00987,1,2024-06-30
CUST00988,0,2024-06-30
CUST00989,0,2024-06-30
CUST00990,1,2024-06-30
CUST00991,0,2024-06-30
CUST00992,0,2024-06-30
CUST00993,0,2024-06-30
CUST00994,0,2024-06-30
CUST00995,0,2024-06-30
CUST00996,0,2024-06-30
CUST00997,0,2024-06-30
CUST00998,0,2024-06-30
CUST00999,0,2024-06-30
CUST01000,0,2024-06-30
CUST01001,1,2024-06-30
CUST01002,0,2024-06-30
CUST01003,1,2024-06-30
CUST01004,0,2024-06-30
CUST01005,1,2024-06-30
CUST01006,0,2024-06-30
CUST01007,0,2024-06-30
CUST01008,0,2024-06-30
CUST01009,1,2024-06-30
CUST01010,0,2024-06-30
CUST01011,0,2024-06-30
CUST01012,0,2024-06-30
CUST01013,1,2024-06-30
CUST01014,0,2024-06-30
CUST01015,1,2024-06-30
CUST01016,0,2024-06-30
CUST01017,0,2024-06-30
CUST01018,0,2024-06-30
CUST01019,0,2024-06-30
CUST01020,0,2024-06-30
CUST01021,0,2024-06-30
CUST01022,0,2024-06-30
CUST01023,1,2024-06-30
CUST01024,0,2024-06-30
CUST01025,0,2024-06-30
CUST01026,0,2024-06-30
CUST01027,0,2024-06-30
CUST01028,0,2024-06-30
CUST01029,0,2024-06-30
CUST01030,0,2024-06-30
CUST01031,0,2024-06-30
CUST01032,0,2024-06-30
CUST01033,1,2024-06-30
CUST01034,1,2024-06-30
CUST01035,0,2024-06-30
CUST01036,1,2024-06-30
CUST01037,1,2024-06-30
CUST01038,0,2024-06-30
CUST01039,0,2024-06-30
CUST01040,0,2024-06-30
CUST01041,0,2024-06-30
CUST01042,0,2024-06-30
CUST01043,0,2024-06-30
CUST01044,1,2024-06-30
CUST01045,0,2024-06-30
CUST01046,0,2024-06-30
CUST01047,0,2024-06-30
CUST01048,0,2024-06-30
CUST01049,0,2024-06-30
CUST01050,0,2024-06-30
CUST01051,1,2024-06-30
CUST01052,0,2024-06-30
CUST01053,0,2024-06-30
CUST01054,1,2024-06-30
CUST01055,0,2024-06-30
CUST01056,0,2024-06-30
CUST01057,0,2024-06-30
CUST01058,0,2024-06-30
CUST01059,0,2024-06-30
CUST01060,1,2024-06-30
CUST01061,1,2024-06-30
CUST01062,0,2024-06-30
CUST01063,0,2024-06-30
CUST01064,0,2024-06-30
CUST01065,0,2024-06-30
CUST01066,1,2024-06-30
CUST01067,1,2024-06-30
CUST01068,0,2024-06-30
CUST01069,0,2024-06-30
CUST01070,1,2024-06-30
CUST01071,1,2024-06-30
CUST01072,0,2024-06-30
CUST01073,1,2024-06-30
CUST01074,0,2024-06-30
CUST01075,0,2024-06-30
CUST01076,0,2024-06-30
CUST01077,0,2024-06-30
CUST01078,1,2024-06-30
CUST01079,0,2024-06-30
CUST01080,1,2024-06-30
CUST01081,0,2024-06-30
CUST01082,0,2024-06-30
CUST01083,0,2024-06-30
CUST01084,0,2024-06-30
CUST01085,0,2024-06-30
CUST01086,0,2024-06-30
CUST01087,0,2024-06-30
CUST01088,0,2024-06-30
CUST01089,0,2024-06-30
CUST01090,0,2024-06-30
CUST01091,0,2024-06-30
CUST01092,1,2024-06-30
CUST01093,0,2024-06-30
CUST01094,0,2024-06-30
CUST01095,0,2024-06-30
CUST01096,0,2024-06-30
CUST01097,0,2024-06-30
CUST01098,0,2024-06-30
CUST01099,0,2024-06-30
CUST01100,0,2024-06-30
CUST01101,0,2024-06-30
CUST01102,0,2024-06-30
CUST01103,0,2024-06-30
CUST01104,1,2024-06-30
CUST01105,1,2024-06-30
CUST01106,0,2024-06-30
CUST01107,0,2024-06-30
CUST01108,0,2024-06-30
CUST01109,0,2024-06-30
CUST01110,0,2024-06-30
CUST01111,0,2024-06-30
CUST01112,0,2024-06-30
CUST01113,1,2024-06-30
CUST01114,0,2024-06-30
CUST01115,0,2024-06-30
CUST01116,0,2024-06-30
CUST01117,0,2024-06-30
CUST01118,0,2024-06-30
CUST01119,0,2024-06-30
CUST01120,1,2024-06-30
CUST01121,0,2024-06-30
CUST01122,0,2024-06-30
CUST01123,0,2024-06-30
CUST01124,0,2024-06-30
CUST01125,0,2024-06-30
CUST01126,0,2024-06-30
CUST01127,0,2024-06-30
CUST01128,0,2024-06-30
CUST01129,0,2024-06-30
CUST01130,1,2024-06-30
CUST01131,1,2024-06-30
CUST01132,0,2024-06-30
CUST01133,0,2024-06-30
CUST01134,1,2024-06-30
CUST01135,0,2024-06-30
CUST01136,0,2024-06-30
CUST01137,0,2024-06-30
CUST01138,0,2024-06-30
CUST01139,0,2024-06-30
CUST01140,0,2024-06-30
CUST01141,0,2024-06-30
CUST01142,0,2024-06-30
CUST01143,0,2024-06-30
CUST01144,0,2024-06-30
CUST01145,1,2024-06-30
CUST01146,0,2024-06-30
CUST01147,0,2024-06-30
CUST01148,0,2024-06-30
CUST01149,0,2024-06-30
CUST01150,1,2024-06-30
CUST01151,0,2024-06-30
CUST01152,0,2024-06-30
CUST01153,0,2024-06-30
CUST01154,0,2024-06-30
CUST01155,1,2024-06-30
CUST01156,1,2024-06-30
CUST01157,0,2024-06-30
CUST01158,0,2024-06-30
CUST01159,0,2024-06-30
CUST01160,0,2024-06-30
CUST01161,0,2024-06-30
CUST01162,0,2024-06-30
CUST01163,1,2024-06-30
CUST01164,0,2024-06-30
CUST01165,0,2024-06-30
CUST01166,0,2024-06-30
CUST01167,0,2024-06-30
CUST01168,1,2024-06-30
CUST01169,1,2024-06-30
CUST01170,0,2024-06-30
CUST01171,0,2024-06-30
CUST01172,0,2024-06-30
CUST01173,0,2024-06-30
CUST01174,0,2024-06-30
CUST01175,1,2024-06-30
CUST01176,0,2024-06-30
CUST01177,0,2024-06-30
CUST01178,1,2024-06-30
CUST01179,0,2024-06-30
CUST01180,1,2024-06-30
CUST01181,0,2024-06-30
CUST01182,0,2024-06-30
CUST01183,0,2024-06-30
CUST01184,0,2024-06-30
CUST01185,1,2024-06-30
CUST01186,1,2024-06-30
CUST01187,0,2024-06-30
CUST01188,0,2024-06-30
CUST01189,0,2024-06-30
CUST01190,1,2024-06-30
CUST01191,0,2024-06-30
CUST01192,0,2024-06-30
CUST01193,1,2024-06-30
CUST01194,1,2024-06-30
CUST01195,1,2024-06-30
CUST01196,1,2024-06-30
CUST01197,0,2024-06-30
CUST01198,1,2024-06-30
CUST01199,0,2024-06-30
CUST01200,0,2024-06-30
CUST01201,0,2024-06-30
CUST01202,0,2024-06-30
CUST01203,0,2024-06-30
CUST01204,1,2024-06-30
CUST01205,1,2024-06-30
CUST01206,1,2024-06-30
CUST01207,0,2024-06-30
CUST01208,0,2024-06-30
CUST01209,0,2024-06-30
CUST01210,0,2024-06-30
CUST01211,0,2024-06-30
CUST01212,0,2024-06-30
CUST01213,1,2024-06-30
CUST01214,0,2024-06-30
CUST01215,0,2024-06-30
CUST01216,0,2024-06-30
CUST01217,1,2024-06-30
CUST01218,0,2024-06-30
CUST01219,0,2024-06-30
CUST01220,0,2024-06-30
CUST01221,0,2024-06-30
CUST01222,0,2024-06-30
CUST01223,0,2024-06-30
CUST01224,0,2024-06-30
CUST01225,0,2024-06-30
CUST01226,0,2024-06-30
CUST01227,0,2024-06-30
CUST01228,0,2024-06-30
CUST01229,0,2024-06-30
CUST01230,0,2024-06-30
CUST01231,0,2024-06-30
CUST01232,0,2024-06-30
CUST01233,0,2024-06-30
CUST01234,0,2024-06-30
CUST01235,0,2024-06-30
CUST01236,1,2024-06-30
CUST01237,1,2024-06-30
CUST01238,0,2024-06-30
CUST01239,0,2024-06-30
CUST01240,0,2024-06-30
CUST01241,0,2024-06-30
CUST01242,0,2024-06-30
CUST01243,1,2024-06-30
CUST01244,0,2024-06-30
CUST01245,0,2024-06-30
CUST01246,0,2024-06-30
CUST01247,0,2024-06-30
CUST01248,1,2024-06-30
CUST01249,1,2024-06-30
CUST01250,0,2024-06-30
CUST01251,0,2024-06-30
CUST01252,0,2024-06-30
CUST01253,0,2024-06-30
CUST01254,0,2024-06-30
CUST01255,0,2024-06-30
CUST01256,0,2024-06-30
CUST01257,1,2024-06-30
CUST01258,0,2024-06-30
CUST01259,0,2024-06-30
CUST01260,1,2024-06-30
CUST01261,1,2024-06-30
CUST01262,0,2024-06-30
CUST01263,0,2024-06-30
CUST01264,1,2024-06-30
CUST01265,0,2024-06-30
CUST01266,0,2024-06-30
CUST01267,0,2024-06-30
CUST01268,0,2024-06-30
CUST01269,0,2024-06-30
CUST01270,0,2024-06-30
CUST01271,1,2024-06-30
CUST01272,0,2024-06-30
CUST01273,0,2024-06-30
CUST01274,0,2024-06-30
CUST01275,0,2024-06-30
CUST01276,1,2024-06-30
CUST01277,0,2024-06-30
CUST01278,1,2024-06-30
CUST01279,1,2024-06-30
CUST01280,0,2024-06-30
CUST01281,0,2024-06-30
CUST01282,1,2024-06-30
CUST01283,0,2024-06-30
CUST01284,1,2024-06-30
CUST01285,1,2024-06-30
CUST01286,0,2024-06-30
CUST01287,0,2024-06-30
CUST01288,0,2024-06-30
CUST01289,0,2024-06-30
CUST01290,0,2024-06-30
CUST01291,0,2024-06-30
CUST01292,0,2024-06-30
CUST01293,0,2024-06-30
CUST01294,0,2024-06-30
CUST01295,0,2024-06-30
CUST01296,0,2024-06-30
CUST01297,1,2024-06-30
CUST01298,0,2024-06-30
CUST01299,0,2024-06-30
CUST01300,0,2024-06-30
CUST01301,0,2024-06-30
CUST01302,0,2024-06-30
CUST01303,0,2024-06-30
CUST01304,0,2024-06-30
CUST01305,0,2024-06-30
CUST01306,0,2024-06-30
CUST01307,0,2024-06-30
CUST01308,0,2024-06-30
CUST01309,0,2024-06-30
CUST01310,0,2024-06-30
CUST01311,0,2024-06-30
CUST01312,1,2024-06-30
CUST01313,1,2024-06-30
CUST01314,0,2024-06-30
CUST01315,0,2024-06-30
CUST01316,0,2024-06-30
CUST01317,0,2024-06-30
CUST01318,0,2024-06-30
CUST01319,0,2024-06-30
CUST01320,0,2024-06-30
CUST01321,0,2024-06-30
CUST01322,1,2024-06-30
CUST01323,0,2024-06-30
CUST01324,0,2024-06-30
CUST01325,1,2024-06-30
CUST01326,0,2024-06-30
CUST01327,0,2024-06-30
CUST01328,0,2024-06-30
CUST01329,1,2024-06-30
CUST01330,0,2024-06-30
CUST01331,0,2024-06-30
CUST01332,1,2024-06-30
CUST01333,0,2024-06-30
CUST01334,0,2024-06-30
CUST01335,0,2024-06-30
CUST01336,1,2024-06-30
CUST01337,0,2024-06-30
CUST01338,0,2024-06-30
CUST01339,0,2024-06-30
CUST01340,0,2024-06-30
CUST01341,0,2024-06-30
CUST01342,0,2024-06-30
CUST01343,0,2024-06-30
CUST01344,0,2024-06-30
CUST01345,0,2024-06-30
CUST01346,0,2024-06-30
CUST01347,0,2024-06-30
CUST01348,1,2024-06-30
CUST01349,0,2024-06-30
CUST01350,0,2024-06-30
CUST01351,0,2024-06-30
CUST01352,0,2024-06-30
CUST01353,0,2024-06-30
CUST01354,1,2024-06-30
CUST01355,0,2024-06-30
CUST01356,0,2024-06-30
CUST01357,0,2024-06-30
CUST01358,0,2024-06-30
CUST01359,1,2024-06-30
CUST01360,0,2024-06-30
CUST01361,0,2024-06-30
CUST01362,0,2024-06-30
CUST01363,1,2024-06-30
CUST01364,0,2024-06-30
CUST01365,0,2024-06-30
CUST01366,0,2024-06-30
CUST01367,0,2024-06-30
CUST01368,0,2024-06-30
CUST01369,1,2024-06-30
CUST01370,0,2024-06-30
CUST01371,0,2024-06-30
CUST01372,0,2024-06-30
CUST01373,0,2024-06-30
CUST01374,0,2024-06-30
CUST01375,0,2024-06-30
CUST01376,1,2024-06-30
CUST01377,0,2024-06-30
CUST01378,0,2024-06-30
CUST01379,0,2024-06-30
CUST01380,0,2024-06-30
CUST01381,0,2024-06-30
CUST01382,0,2024-06-30
CUST01383,1,2024-06-30
CUST01384,0,2024-06-30
CUST01385,1,2024-06-30
CUST01386,0,2024-06-30
CUST01387,0,2024-06-30
CUST01388,0,2024-06-30
CUST01389,0,2024-06-30
CUST01390,0,2024-06-30
CUST01391,0,2024-06-30
CUST01392,1,2024-06-30
CUST01393,0,2024-06-30
CUST01394,0,2024-06-30
CUST01395,0,2024-06-30
CUST01396,1,2024-06-30
CUST01397,0,2024-06-30
CUST01398,0,2024-06-30
CUST01399,0,2024-06-30
CUST01400,0,2024-06-30
CUST01401,0,2024-06-30
CUST01402,0,2024-06-30
CUST01403,0,2024-06-30
CUST01404,0,2024-06-30
CUST01405,0,2024-06-30
CUST01406,0,2024-06-30
CUST01407,0,2024-06-30
CUST01408,1,2024-06-30
CUST01409,0,2024-06-30
CUST01410,0,2024-06-30
CUST01411,0,2024-06-30
CUST01412,0,2024-06-30
CUST01413,1,2024-06-30
CUST01414,1,2024-06-30
CUST01415,0,2024-06-30
CUST01416,1,2024-06-30
CUST01417,1,2024-06-30
CUST01418,0,2024-06-30
CUST01419,1,2024-06-30
CUST01420,0,2024-06-30
CUST01421,0,2024-06-30
CUST01422,1,2024-06-30
CUST01423,0,2024-06-30
CUST01424,1,2024-06-30
CUST01425,0,2024-06-30
CUST01426,0,2024-06-30
CUST01427,0,2024-06-30
CUST01428,0,2024-06-30
CUST01429,1,2024-06-30
CUST01430,0,2024-06-30
CUST01431,0,2024-06-30
CUST01432,0,2024-06-30
CUST01433,0,2024-06-30
CUST01434,0,2024-06-30
CUST01435,0,2024-06-30
CUST01436,0,2024-06-30
CUST01437,0,2024-06-30
CUST01438,0,2024-06-30
CUST01439,0,2024-06-30
CUST01440,1,2024-06-30
CUST01441,1,2024-06-30
CUST01442,0,2024-06-30
CUST01443,0,2024-06-30
CUST01444,0,2024-06-30
CUST01445,0,2024-06-30
CUST01446,0,2024-06-30
CUST01447,0,2024-06-30
CUST01448,0,2024-06-30
CUST01449,0,2024-06-30
CUST01450,0,2024-06-30
CUST01451,0,2024-06-30
CUST01452,0,2024-06-30
CUST01453,0,2024-06-30
CUST01454,0,2024-06-30
CUST01455,1,2024-06-30
CUST01456,0,2024-06-30
CUST01457,0,2024-06-30
CUST01458,0,2024-06-30
CUST01459,0,2024-06-30
CUST01460,0,2024-06-30
CUST01461,0,2024-06-30
CUST01462,0,2024-06-30
CUST01463,0,2024-06-30
CUST01464,1,2024-06-30
CUST01465,0,2024-06-30
CUST01466,0,2024-06-30
CUST01467,1,2024-06-30
CUST01468,0,2024-06-30
CUST01469,0,2024-06-30
CUST01470,0,2024-06-30
CUST01471,0,2024-06-30
CUST01472,0,2024-06-30
CUST01473,0,2024-06-30
CUST01474,0,2024-06-30
CUST01475,1,2024-06-30
CUST01476,0,2024-06-30
CUST01477,0,2024-06-30
CUST01478,0,2024-06-30
CUST01479,0,2024-06-30
CUST01480,0,2024-06-30
CUST01481,1,2024-06-30
CUST01482,1,2024-06-30
CUST01483,0,2024-06-30
CUST01484,1,2024-06-30
CUST01485,1,2024-06-30
CUST01486,1,2024-06-30
CUST01487,0,2024-06-30
CUST01488,0,2024-06-30
CUST01489,0,2024-06-30
CUST01490,1,2024-06-30
CUST01491,0,2024-06-30
CUST01492,0,2024-06-30
CUST01493,0,2024-06-30
CUST01494,1,2024-06-30
CUST01495,1,2024-06-30
CUST01496,0,2024-06-30
CUST01497,0,2024-06-30
CUST01498,0,2024-06-30
CUST01499,0,2024-06-30
CUST01500,0,2024-06-30
CUST01501,0,2024-06-30
CUST01502,1,2024-06-30
CUST01503,0,2024-06-30
CUST01504,0,2024-06-30
CUST01505,1,2024-06-30
CUST01506,0,2024-06-30
CUST01507,1,2024-06-30
CUST01508,1,2024-06-30
CUST01509,0,2024-06-30
CUST01510,0,2024-06-30
CUST01511,0,2024-06-30
CUST01512,0,2024-06-30
CUST01513,1,2024-06-30
CUST01514,0,2024-06-30
CUST01515,1,2024-06-30
CUST01516,0,2024-06-30
CUST01517,0,2024-06-30
CUST01518,1,2024-06-30
CUST01519,0,2024-06-30
CUST01520,0,2024-06-30
CUST01521,0,2024-06-30
CUST01522,1,2024-06-30
CUST01523,0,2024-06-30
CUST01524,0,2024-06-30
CUST01525,0,2024-06-30
CUST01526,0,2024-06-30
CUST01527,0,2024-06-30
CUST01528,0,2024-06-30
CUST01529,0,2024-06-30
CUST01530,1,2024-06-30
CUST01531,0,2024-06-30
CUST01532,0,2024-06-30
CUST01533,1,2024-06-30
CUST01534,1,2024-06-30
CUST01535,0,2024-06-30
CUST01536,0,2024-06-30
CUST01537,0,2024-06-30
CUST01538,1,2024-06-30
CUST01539,0,2024-06-30
CUST01540,0,2024-06-30
CUST01541,0,2024-06-30
CUST01542,0,2024-06-30
CUST01543,0,2024-06-30
CUST01544,0,2024-06-30
CUST01545,1,2024-06-30
CUST01546,0,2024-06-30
CUST01547,0,2024-06-30
CUST01548,0,2024-06-30
CUST01549,0,2024-06-30
CUST01550,0,2024-06-30
CUST01551,1,2024-06-30
CUST01552,0,2024-06-30
CUST01553,0,2024-06-30
CUST01554,0,2024-06-30
CUST01555,0,2024-06-30
CUST01556,0,2024-06-30
CUST01557,0,2024-06-30
CUST01558,0,2024-06-30
CUST01559,0,2024-06-30
CUST01560,0,2024-06-30
CUST01561,0,2024-06-30
CUST01562,1,2024-06-30
CUST01563,0,2024-06-30
CUST01564,0,2024-06-30
CUST01565,0,2024-06-30
CUST01566,0,2024-06-30
CUST01567,1,2024-06-30
CUST01568,0,2024-06-30
CUST01569,0,2024-06-30
CUST01570,0,2024-06-30
CUST01571,0,2024-06-30
CUST01572,0,2024-06-30
CUST01573,0,2024-06-30
CUST01574,0,2024-06-30
CUST01575,0,2024-06-30
CUST01576,1,2024-06-30
CUST01577,0,2024-06-30
CUST01578,0,2024-06-30
CUST01579,0,2024-06-30
CUST01580,0,2024-06-30
CUST01581,0,2024-06-30
CUST01582,0,2024-06-30
CUST01583,0,2024-06-30
CUST01584,0,2024-06-30
CUST01585,0,2024-06-30
CUST01586,1,2024-06-30
CUST01587,0,2024-06-30
CUST01588,0,2024-06-30
CUST01589,1,2024-06-30
CUST01590,0,2024-06-30
CUST01591,1,2024-06-30
CUST01592,0,2024-06-30
CUST01593,0,2024-06-30
CUST01594,1,2024-06-30
CUST01595,0,2024-06-30
CUST01596,0,2024-06-30
CUST01597,0,2024-06-30
CUST01598,0,2024-06-30
CUST01599,0,2024-06-30
CUST01600,0,2024-06-30
CUST01601,0,2024-06-30
CUST01602,1,2024-06-30
CUST01603,0,2024-06-30
CUST01604,1,2024-06-30
CUST01605,0,2024-06-30
CUST01606,1,2024-06-30
CUST01607,0,2024-06-30
CUST01608,0,2024-06-30
CUST01609,1,2024-06-30
CUST01610,0,2024-06-30
CUST01611,0,2024-06-30
CUST01612,0,2024-06-30
CUST01613,0,2024-06-30
CUST01614,0,2024-06-30
CUST01615,0,2024-06-30
CUST01616,0,2024-06-30
CUST01617,0,2024-06-30
CUST01618,0,2024-06-30
CUST01619,0,2024-06-30
CUST01620,0,2024-06-30
CUST01621,0,2024-06-30
CUST01622,0,2024-06-30
CUST01623,0,2024-06-30
CUST01624,0,2024-06-30
CUST01625,0,2024-06-30
CUST01626,0,2024-06-30
CUST01627,0,2024-06-30
CUST01628,0,2024-06-30
CUST01629,1,2024-06-30
CUST01630,0,2024-06-30
CUST01631,0,2024-06-30
CUST01632,0,2024-06-30
CUST01633,1,2024-06-30
CUST01634,0,2024-06-30
CUST01635,0,2024-06-30
CUST01636,0,2024-06-30
CUST01637,0,2024-06-30
CUST01638,0,2024-06-30
CUST01639,0,2024-06-30
CUST01640,0,2024-06-30
CUST01641,0,2024-06-30
CUST01642,1,2024-06-30
CUST01643,0,2024-06-30
CUST01644,0,2024-06-30
CUST01645,0,2024-06-30
CUST01646,0,2024-06-30
CUST01647,0,2024-06-30
CUST01648,0,2024-06-30
CUST01649,0,2024-06-30
CUST01650,0,2024-06-30
CUST01651,0,2024-06-30
CUST01652,0,2024-06-30
CUST01653,0,2024-06-30
CUST01654,0,2024-06-30
CUST01655,0,2024-06-30
CUST01656,1,2024-06-30
CUST01657,0,2024-06-30
CUST01658,0,2024-06-30
CUST01659,0,2024-06-30
CUST01660,0,2024-06-30
CUST01661,0,2024-06-30
CUST01662,0,2024-06-30
CUST01663,0,2024-06-30
CUST01664,1,2024-06-30
CUST01665,1,2024-06-30
CUST01666,0,2024-06-30
CUST01667,0,2024-06-30
CUST01668,0,2024-06-30
CUST01669,0,2024-06-30
CUST01670,0,2024-06-30
CUST01671,0,2024-06-30
CUST01672,1,2024-06-30
CUST01673,0,2024-06-30
CUST01674,0,2024-06-30
CUST01675,0,2024-06-30
CUST01676,1,2024-06-30
CUST01677,0,2024-06-30
CUST01678,0,2024-06-30
CUST01679,1,2024-06-30
CUST01680,0,2024-06-30
CUST01681,1,2024-06-30
CUST01682,0,2024-06-30
CUST01683,0,2024-06-30
CUST01684,0,2024-06-30
CUST01685,0,2024-06-30
CUST01686,0,2024-06-30
CUST01687,0,2024-06-30
CUST01688,0,2024-06-30
CUST01689,0,2024-06-30
CUST01690,0,2024-06-30
CUST01691,0,2024-06-30
CUST01692,0,2024-06-30
CUST01693,1,2024-06-30
CUST01694,0,2024-06-30
CUST01695,0,2024-06-30
CUST01696,0,2024-06-30
CUST01697,0,2024-06-30
CUST01698,0,2024-06-30
CUST01699,0,2024-06-30
CUST01700,0,2024-06-30
CUST01701,0,2024-06-30
CUST01702,0,2024-06-30
CUST01703,0,2024-06-30
CUST01704,0,2024-06-30
CUST01705,0,2024-06-30
CUST01706,1,2024-06-30
CUST01707,0,2024-06-30
CUST01708,1,2024-06-30
CUST01709,1,2024-06-30
CUST01710,0,2024-06-30
CUST01711,0,2024-06-30
CUST01712,0,2024-06-30
CUST01713,0,2024-06-30
CUST01714,0,2024-06-30
CUST01715,1,2024-06-30
CUST01716,0,2024-06-30
CUST01717,0,2024-06-30
CUST01718,0,2024-06-30
CUST01719,0,2024-06-30
CUST01720,0,2024-06-30
CUST01721,0,2024-06-30
CUST01722,0,2024-06-30
CUST01723,0,2024-06-30
CUST01724,0,2024-06-30
CUST01725,0,2024-06-30
CUST01726,1,2024-06-30
CUST01727,0,2024-06-30
CUST01728,0,2024-06-30
CUST01729,0,2024-06-30
CUST01730,0,2024-06-30
CUST01731,0,2024-06-30
CUST01732,0,2024-06-30
CUST01733,0,2024-06-30
CUST01734,0,2024-06-30
CUST01735,0,2024-06-30
CUST01736,1,2024-06-30
CUST01737,0,2024-06-30
CUST01738,0,2024-06-30
CUST01739,0,2024-06-30
CUST01740,0,2024-06-30
CUST01741,1,2024-06-30
CUST01742,0,2024-06-30
CUST01743,0,2024-06-30
CUST01744,0,2024-06-30
CUST01745,0,2024-06-30
CUST01746,0,2024-06-30
CUST01747,0,2024-06-30
CUST01748,0,2024-06-30
CUST01749,0,2024-06-30
CUST01750,1,2024-06-30
CUST01751,0,2024-06-30
CUST01752,0,2024-06-30
CUST01753,0,2024-06-30
CUST01754,0,2024-06-30
CUST01755,0,2024-06-30
CUST01756,0,2024-06-30
CUST01757,1,2024-06-30
CUST01758,1,2024-06-30
CUST01759,0,2024-06-30
CUST01760,0,2024-06-30
CUST01761,0,2024-06-30
CUST01762,0,2024-06-30
CUST01763,1,2024-06-30
CUST01764,0,2024-06-30
CUST01765,0,2024-06-30
CUST01766,0,2024-06-30
CUST01767,1,2024-06-30
CUST01768,0,2024-06-30
CUST01769,0,2024-06-30
CUST01770,0,2024-06-30
CUST01771,1,2024-06-30
CUST01772,0,2024-06-30
CUST01773,0,2024-06-30
CUST01774,0,2024-06-30
CUST01775,0,2024-06-30
CUST01776,0,2024-06-30
CUST01777,0,2024-06-30
CUST01778,0,2024-06-30
CUST01779,0,2024-06-30
CUST01780,0,2024-06-30
CUST01781,0,2024-06-30
CUST01782,0,2024-06-30
CUST01783,0,2024-06-30
CUST01784,0,2024-06-30
CUST01785,0,2024-06-30
CUST01786,0,2024-06-30
CUST01787,0,2024-06-30
CUST01788,1,2024-06-30
CUST01789,0,2024-06-30
CUST01790,1,2024-06-30
CUST01791,0,2024-06-30
CUST01792,0,2024-06-30
CUST01793,0,2024-06-30
CUST01794,0,2024-06-30
CUST01795,0,2024-06-30
CUST01796,1,2024-06-30
CUST01797,0,2024-06-30
CUST01798,0,2024-06-30
CUST01799,0,2024-06-30
CUST01800,1,2024-06-30
CUST01801,0,2024-06-30
CUST01802,0,2024-06-30
CUST01803,0,2024-06-30
CUST01804,1,2024-06-30
CUST01805,1,2024-06-30
CUST01806,0,2024-06-30
CUST01807,0,2024-06-30
CUST01808,0,2024-06-30
CUST01809,0,2024-06-30
CUST01810,0,2024-06-30
CUST01811,0,2024-06-30
CUST01812,1,2024-06-30
CUST01813,0,2024-06-30
CUST01814,0,2024-06-30
CUST01815,1,2024-06-30
CUST01816,1,2024-06-30
CUST01817,1,2024-06-30
CUST01818,1,2024-06-30
CUST01819,1,2024-06-30
CUST01820,0,2024-06-30
CUST01821,0,2024-06-30
CUST01822,0,2024-06-30
CUST01823,0,2024-06-30
CUST01824,1,2024-06-30
CUST01825,1,2024-06-30
CUST01826,0,2024-06-30
CUST01827,0,2024-06-30
CUST01828,0,2024-06-30
CUST01829,0,2024-06-30
CUST01830,0,2024-06-30
CUST01831,1,2024-06-30
CUST01832,0,2024-06-30
CUST01833,0,2024-06-30
CUST01834,0,2024-06-30
CUST01835,0,2024-06-30
CUST01836,0,2024-06-30
CUST01837,0,2024-06-30
CUST01838,1,2024-06-30
CUST01839,0,2024-06-30
CUST01840,0,2024-06-30
CUST01841,0,2024-06-30
CUST01842,0,2024-06-30
CUST01843,0,2024-06-30
CUST01844,0,2024-06-30
CUST01845,0,2024-06-30
CUST01846,0,2024-06-30
CUST01847,0,2024-06-30
CUST01848,0,2024-06-30
CUST01849,0,2024-06-30
CUST01850,0,2024-06-30
CUST01851,0,2024-06-30
CUST01852,1,2024-06-30
CUST01853,0,2024-06-30
CUST01854,1,2024-06-30
CUST01855,1,2024-06-30
CUST01856,0,2024-06-30
CUST01857,0,2024-06-30
CUST01858,0,2024-06-30
CUST01859,0,2024-06-30
CUST01860,1,2024-06-30
CUST01861,0,2024-06-30
CUST01862,1,2024-06-30
CUST01863,1,2024-06-30
CUST01864,0,2024-06-30
CUST01865,0,2024-06-30
CUST01866,0,2024-06-30
CUST01867,0,2024-06-30
CUST01868,0,2024-06-30
CUST01869,1,2024-06-30
CUST01870,0,2024-06-30
CUST01871,0,2024-06-30
CUST01872,1,2024-06-30
CUST01873,0,2024-06-30
CUST01874,1,2024-06-30
CUST01875,1,2024-06-30
CUST01876,0,2024-06-30
CUST01877,0,2024-06-30
CUST01878,0,2024-06-30
CUST01879,0,2024-06-30
CUST01880,0,2024-06-30
CUST01881,1,2024-06-30
CUST01882,0,2024-06-30
CUST01883,0,2024-06-30
CUST01884,0,2024-06-30
CUST01885,0,2024-06-30
CUST01886,1,2024-06-30
CUST01887,0,2024-06-30
CUST01888,0,2024-06-30
CUST01889,0,2024-06-30
CUST01890,0,2024-06-30
CUST01891,0,2024-06-30
CUST01892,0,2024-06-30
CUST01893,0,2024-06-30
CUST01894,0,2024-06-30
CUST01895,0,2024-06-30
CUST01896,0,2024-06-30
CUST01897,0,2024-06-30
CUST01898,0,2024-06-30
CUST01899,0,2024-06-30
CUST01900,0,2024-06-30
CUST01901,1,2024-06-30
CUST01902,0,2024-06-30
CUST01903,1,2024-06-30
CUST01904,0,2024-06-30
CUST01905,0,2024-06-30
CUST01906,0,2024-06-30
CUST01907,0,2024-06-30
CUST01908,0,2024-06-30
CUST01909,0,2024-06-30
CUST01910,1,2024-06-30
CUST01911,0,2024-06-30
CUST01912,1,2024-06-30
CUST01913,0,2024-06-30
CUST01914,1,2024-06-30
CUST01915,0,2024-06-30
CUST01916,0,2024-06-30
CUST01917,0,2024-06-30
CUST01918,0,2024-06-30
CUST01919,1,2024-06-30
CUST01920,0,2024-06-30
CUST01921,0,2024-06-30
CUST01922,0,2024-06-30
CUST01923,0,2024-06-30
CUST01924,0,2024-06-30
CUST01925,0,2024-06-30
CUST01926,0,2024-06-30
CUST01927,0,2024-06-30
CUST01928,1,2024-06-30
CUST01929,0,2024-06-30
CUST01930,1,2024-06-30
CUST01931,1,2024-06-30
CUST01932,0,2024-06-30
CUST01933,0,2024-06-30
CUST01934,0,2024-06-30
CUST01935,0,2024-06-30
CUST01936,0,2024-06-30
CUST01937,0,2024-06-30
CUST01938,0,2024-06-30
CUST01939,0,2024-06-30
CUST01940,0,2024-06-30
CUST01941,0,2024-06-30
CUST01942,0,2024-06-30
CUST01943,0,2024-06-30
CUST01944,0,2024-06-30
CUST01945,1,2024-06-30
CUST01946,1,2024-06-30
CUST01947,0,2024-06-30
CUST01948,0,2024-06-30
CUST01949,0,2024-06-30
CUST01950,1,2024-06-30
CUST01951,0,2024-06-30
CUST01952,0,2024-06-30
CUST01953,0,2024-06-30
CUST01954,0,2024-06-30
CUST01955,1,2024-06-30
CUST01956,1,2024-06-30
CUST01957,1,2024-06-30
CUST01958,0,2024-06-30
CUST01959,0,2024-06-30
CUST01960,1,2024-06-30
CUST01961,0,2024-06-30
CUST01962,0,2024-06-30
CUST01963,0,2024-06-30
CUST01964,1,2024-06-30
CUST01965,0,2024-06-30
CUST01966,1,2024-06-30
CUST01967,0,2024-06-30
CUST01968,0,2024-06-30
CUST01969,0,2024-06-30
CUST01970,1,2024-06-30
CUST01971,0,2024-06-30
CUST01972,1,2024-06-30
CUST01973,0,2024-06-30
CUST01974,1,2024-06-30
CUST01975,0,2024-06-30
CUST01976,0,2024-06-30
CUST01977,0,2024-06-30
CUST01978,1,2024-06-30
CUST01979,1,2024-06-30
CUST01980,0,2024-06-30
CUST01981,0,2024-06-30
CUST01982,0,2024-06-30
CUST01983,0,2024-06-30
CUST01984,0,2024-06-30
CUST01985,0,2024-06-30
CUST01986,1,2024-06-30
CUST01987,0,2024-06-30
CUST01988,1,2024-06-30
CUST01989,0,2024-06-30
CUST01990,0,2024-06-30
CUST01991,1,2024-06-30
CUST01992,0,2024-06-30
CUST01993,0,2024-06-30
CUST01994,0,2024-06-30
CUST01995,0,2024-06-30
CUST01996,0,2024-06-30
CUST01997,0,2024-06-30
CUST01998,0,2024-06-30
CUST01999,0,2024-06-30
CUST02000,0,2024-06-30
